beach_id,rating,text
nova-almeida,4,"A praia é linda e ótima para banho, mas a estrutura precisa de um pouco mais de atenção! A faixa de areia, a depender da maré, é bastante extensa, ótima para caminhadas e com bastante espaço para barracas e cangas. O mar é ótimo para crianças, não costuma ser agitado e só fica fundo muitos metros à partir da costa. A praia é um pouco suja, com garrafas e outros objetos, mas nada fora da média. O que fica de ressalva é a estrutura. O calçadão é um pouco estreito, com pontos esburacados, as passarelas estão com várias tábuas soltas ou faltando e até pregos expostos, muitas quadras já estão tomadas pelo mato e com traves e redes desgastados ou faltando."
nova-almeida,4,"O que está faltando nessa praia são os Quiosques mas para quem gosta de pescar e fazer um churrasco tem uns lugares com sombra e o encontro do rio com o mar tem um charme a parte, a igreja dos Reis Magos cheia de história e a praça à noite movimentada devido a sua gastronomia."
nova-almeida,5,"Lugar onde encontrei minha esposa, minha vida. SEMPRE foi um lugar muito querido por mim, vizinho de Jacaraípe. Ligar excelente para ir a praia."
nova-almeida,5,"Excelente. Tranquila calma. Pouco frequentada. Tem as falésias interessantes e bonita."
nova-almeida,3,"A praia estava com uma cor de barro, faixa de areia pequena e orla inexistente. Não voltaria."
jacaraipe,5,"Excelente praia principalmente para a família. Mar calmo e raso para todos divertirem. Bares e quiosques próximos. Duchas. Ambiente tranquilo."
jacaraipe,3,"Praia muito boa para quem gosta de caminhar de noite e ter um tempo sozinho, só que pra tomar banho é meio ruim, muito lixo e sujeira, tanto na água quanto na areia,furei meu pé uma vez em um caco de vidro,na praia de Jacaraípe."
jacaraipe,3,"As praias poderiam ter mais chuveiros em sua extensão,  assim como banheiros e mais árvores. A Prefeitura deveria promover um programa de reciclagem de tampinhas de garrafa e oferecer um pequeno  valor para o Kg arrecadado. Desta firma diminuiria a quantidade delas nas areias, já que os proprietariosxdos bares não se educam para tal."
jacaraipe,5,"Uma praia tranquila, com bares e restaurantes. Fácil estacionamento. Preços justos"
jacaraipe,5,"Jacaraípe é um local diferenciado onde as pessoas tem diversas opções de lazer, sorveterias, bares, restaurantes, para quem quer um banho de mar tranquilo, com segurança, aqui é o lugar apropriado para você ser feliz gastando pouco!"
manguinhos,5,"Praia limpa e calma, ambiente famíliar. Ótima infraestrutura nos quiosques, praia bem tranquila agora em alta temporada. Maré baixa, água não muito gelada mais bem tranquila para a família."
manguinhos,5,"Linda Praia de Manguinhos, super tranquila, sem aglomeração, quando eu fui achei o mar agitado. Ótima opção para quem esta em Vitória, recomendo."
manguinhos,5,"Achei top praia sem aglomeração. Praia de Família. Água estava calma. E o melhor trouxe meu Hotwale pra tomar uma banho !!"
manguinhos,5,"Praia de excelente água fria mais com a faixa de areia excelente em um local muito bom para ser frequentado por famílias sem ondas no período de baixa excelente indico a todos."
manguinhos,5,"Praia super agradável, tranquila e estilo rústico, porém, com quiosque, aluguel de cadeiras e guarda sol. No centrinho possui restaurantes, sorveteria, lojinha... é uma ótima opção de passeio. Para quem está hospedado em Vitória, o acesso é rápido e bem tranquilo utilizando carros por app."
praia-de-camburi,5,"Praia com uma boa estrutura , possui vários bancos e pergolados ao longo da orla , conta com uma larga faixa de calçada  , ciclovia, e um paisagismo muito bonito , com jardins bem cuidados . Alguns pontos da praia são impróprios para banho. Quiosques bem distribuídos pelas calçadas."
praia-de-camburi,5,"A Praia de Camburi tem um potencial natural incrível e um visual de tirar o fôlego, mas infelizmente a experiência é prejudicada pela quantidade de lixo na areia e consequentemente, no mar; falta consciência dos visitantes e melhor manutenção para preservar esse paraíso."
praia-de-camburi,4,"A praia e ampla e possuí muita coisa boa em volta pra comer e fazer como passeio de bike e lanchas pescaria e muito mais.poucos postos de salva vidas porém muito policiamento no local.a comida não foi cara demais estava dentro do normal.muita conchinhas pra pegar.uma única ressalva é que,o mar estava um pouco bravo pra crianças pequenas e que a água e marrom e alguma pessoas comentaram que e contamina com ferro devido aos estaleiros próximos.a água e rasa até bons 30 metros da faixa de areia água boa.muito calmo o local e bom pra passear com a família.e tem várias acomodações baratas e próxima bem como o comércio completo pertinho,nem e preciso carro pra nada além do shopping."
praia-de-camburi,5,"Ótima praia! Não costuma ser muito cheia, é uma praia muito grande. Tem bastante vento e ondas bem fortes, não é ideal pra nadar, até por ser próxima a Vale (minérios). Porém é muito bonita, tem varios banquinhos e pergolados, restaurantes, lugar para jogar vôlei, pier, etc. Gosto muito da Praia de Camburi."
praia-de-camburi,4,"São 5km do viaduto da Vale até o Pier da Sereia. Ótima ciclovia, para: pedalar, caminhar, correr, patinar, praticar academia pública ao ar livre, futebol, vôlei de praia e esportes com raquetes, vários kiosques e restaurantes na beira da praia, muitas barracas de água de côco, milhos cozidos e outras especiarias. Excelente para passear e ainda mais no parque Atlântico da Vale, duas áreas de Skate, um de bike, vários aparelhos para musculação. Aos domingos é interditado à pista lateral a praia, até  à  praça do papa em direção dás 5:00h da manhã até  às 15:00h. Tem também vários eventos"
praia-do-canto,1,"Praia horrível, suja demais a água é cheia de tem óleo e cheiro de esgoto e gasolina, devem ser dos iates, já foi colocada como imprópria para o banho várias vezes, pois tem até coliformes fecais, as pessoas tem muita coragem de ficar nessa água de esgoto"
praia-do-canto,4,"Praia com poucas ondas, água numa temperatura boa, muitas crianças, cachorros, alguns lugares mais cheios outros mais tranquilos, muitos ambulantes, cerveja gelada. Os quiosques lotados sem chance de se fazer uma refeição, filas de espera e o atendimento deixou a desejar."
praia-do-canto,5,"Outra praia bem tranquila, com pouco movimento e de águas calmas. Ótima para crianças e famílias curtirem. Sombra de coqueiros e só tem o Bob's por aqui. Tbm chamada de baía das tartarugas, infelizmente por falta de conscientização dos pilotos de lanchas e jets skys e pelo lixo hj 2 bem jovens foram encontradas mortas aqui."
praia-do-canto,4,"A Praia do Canto possui um cenário belíssimo, ela mescla áreas verdes com o mar,além de lugares para a prática de esportes. Além disso,o bairro é super estruturado,conta com restaurantes, supermercados, padarias, farmácia entre outros estabelecimentos. Não entrei no mar,então não posso dizer sobre esse aspecto. Mas para caminhar e contemplar o lugar,sem dúvida, vale muito à pena 😉."
praia-do-canto,5,"Muita tranquila. Possui calçadão para poder caminhar e correr. Atenção com os ciclistas, nem todos respeitam a faixa e andam em alta velocidade, principalmente usando bike elétrica. Areia limpa, tem banheiros químicos e lixeira. Alguns pontos para comer ao redor. Vamos manter a limpeza."
praia-da-curva-da-jurema,5,"Visitei várias praias durante a minha visita no ES, mas a Curva da Jurema foi a melhor que visitei. Mar calmo, tem restaurante, quiosques, guaritas. Tudo que alguém precisa pra aproveitar a praia na maior tranquilidade. Mesmo em dias mais movimentados (fim de semana), ainda é agradável, recomendo muito!"
praia-da-curva-da-jurema,3,"Localizada nas proximidades do Shopping Vitória, entre a Ilha do Boi e a Ilha do Frade. Praia de águas calmas e poucas ou nenhuma ondas. Faixa de areia curta. Muito procurada pela população, a faixa de areia chega a ser pequena para tanta gente. Cadeiras plásticas e guarda-sol disponíveis para locação pelos vendedores locais. Em 11/2025 a R$10,00 cada peça. Areia é suja e no geral muito lixo deixado pelos usuários. Existem bares/restaurantes/cafeteria-bistrô e que possuem excelente estrutura. Alguns até sofisticados, em contraponto com a característica praiana do local. Vale a pena conhecer porém, existem praias mais interessantes e agradáveis."
praia-da-curva-da-jurema,5,"Praia tranquila, pouco movimentada, sem ondas fortes… bom pra família com infraestrutura perto para quem não leva cadeiras."
praia-da-curva-da-jurema,4,"A Curva da Jurema é uma das praias mais agradáveis de Vitória! A água é calma, quase sem ondas, o que torna o local perfeito para quem vai com crianças — dá pra deixar os pequenos brincarem com mais tranquilidade enquanto os adultos aproveitam o visual. A orla é bem estruturada, com quiosques, cadeiras e guarda-sóis disponíveis, além de opções de petiscos e bebidas. O pôr do sol por lá também é um espetáculo à parte. Além disso, o acesso é fácil e o clima costuma ser bem familiar, especialmente nos fins de semana. Uma ótima opção pra quem busca um banho de mar tranquilo, com estrutura por perto e ambiente seguro. Ideal pra passar o dia relaxando em família!"
praia-da-curva-da-jurema,5,"Praia extremamente bela e aconchegante, lugar movimentado mas não tanto ao ponto de ser ruim de se movimentar, aquele coisinha gostoso e aconchegante, em média você pode gastar de 50 até 100 reais com cadeira e guarda sol, agora em questão de alimentação tudo ali na região é um tanto quanto caro pela região ser mais "nobre" todo lugar que vai tem uma caixinha de som tocando música, mas por incrível que pareça a não atrapalham uns aos outros ou é aquela coisa grotesca que incomoda, quem quer ter uma experiência tranquila com a família e provar uma comida boa sem medo de gastar esse é o lugar, as ondas também são extremamente calmas possibilitando o banho tranquilo na região."
praia-de-santa-helena,5,"Ótima praia, perto de tudo, bem movimentada, com muitas praticas esportivas no entorno. Vale a pena curtir. Pra quem vai estacionar, há bastante vagas, mas são disputadas."
praia-de-santa-helena,5,"Praia maravilhosa,  com muitas opções de passeios."
praia-de-santa-helena,4,"Praia linda e tranquila, estacionamento fácil. Precisa levar seu próprio cooler, cadeiras e guarda-sol, pois não há estrutura de quiosques."
praia-de-santa-helena,5,"Marcamos uma canoagem com a família. Um delicioso passeio. Fizemos com o instrutor Estevão Galocha, muito atencioso, pessoa maravilhosa. Super recomendo."
praia-de-santa-helena,5,"Uma das melhores praias do Brasil, sem dúvidas."
praia-grande,4,"Praia com bastante sombra, salva vidas circulando o tempo todo, chuveiro de água doce, barraquinhas de comida bem próximo, água calma. Ótimo pra relaxar e curtir em família."
praia-grande,5,"Praia bem agradável para apreciar os primeiros raios de sol, vi pessoas fazendo canoagem e muitos locais fazendo caminhada e levando animais para passear, super top! E você consegue ver muitos prédios ao fundo!"
praia-grande,5,"Praia muito tranquila, água calma Paguei 10 reais a cadeira Comida e bebida tem q levar"
praia-grande,5,"Essa, com certeza, foi a melhor praia de todas que fomos. A água é praticamente uma piscina, embora seja fria... Perde no ponto de não ter banheiros, mas a praia toda é muito limpa, tem alguns vendedores de coco, milho e bebidas. Bom pra quem tem criança, segura e tranquila. Voltaremos!!"
praia-grande,5,"Uma praia com boa água, e calmo durante a semana. Porém no domingo acredito que lota, mesmo assim vale a visita. Muito bonita, diferenciada, vale a pena a caminhada. Tem alguns vendedores que não te deixam na mão."
praia-das-castanheiras,5,"Fui depois das 14:00 da tarde, já havia uma grande parte com sombra, lugar com uma vista linda, super agradável para passar o finzinho de tarde para quem não tem cadeira e guarda sol como eu. Levem comidas e bebidas e algo para sentar na areia. Não tem nenhuma infraestrutura, mas vale a pena ir. Lugar com várias paisagens, água com bastante algas e água um pouco gelada. Mas nada apaga a vista e a paz desse lugar. Infelizmente tem bastante pessoas, mas nada q desagrada, para quem não curte praia cheia agora na alta temporada até q tem bastante pessoas. São ruas com poucas vagas para carro, sugiro ir de aplicativo, eu coloquei esse endereço ( R. Placidino Passos, 170 - Ilha do Frade) e parou na escada da praia. A trajeto é super tranquilo pela escada e pela mini trilha não tem perigo nenhum para descer."
praia-das-castanheiras,5,"Lugar maravilhoso!!Não vá esperando serviço de quiosque, não é essa a proposta. É uma praia atrás de residências, com um clima tranquilo e gostoso de estar (não sei em época de temporada)"
praia-das-castanheiras,4,"Para chegar até a praia tem que descer a escadaria que fica no final da rua,do lado direito. A praia é linda, porém com bastante pedras. Um lugar deserto pra curtir a natureza com calma."
praia-das-castanheiras,4,"Localizada numa área meio privada, essa praia é pública. Apesar de ser pequena numa localização previlegiada essa praia merece ter um acesso e cuidados de manutenção  melhor."
praia-das-castanheiras,5,"Uma belíssima praia totalmente escondida, já que tem um corredor com uma escadaria lá nos fundos da ilha que pessoas que não são do local podem passar desapercebido. Só passei pra conhecer mesmo e fiquei encantado com a beleza do local. Queria ter podido ficar mais!"
praia-da-ilha-do-frade,4,"Infelizmente há pessoas sem noção alguma de educação e comportamento, poluindo a ilha em todos os sentidos."
praia-da-ilha-do-frade,5,"Muito tranquila, água transparente, gelada, ideal para nadar."
praia-da-ilha-do-frade,5,"Ilha  muito  boa , sucegada , boa  pra  levar  seu  filho  pequeno  e  passar  dia  todo ."
praia-da-ilha-do-frade,3,"A praia é bem pequena, muito gostosa, de águas calmas. Vimos inclusive várias tartarugas. O maior problema é a falta de respeito das embarcações e jet-ski que se aproximam muito dos banhistas (muitas crianças) e do pessoal jogando altinha na areia, quase não sobra espaço para ficar tamanho o desrespeito e a falta de noção deles. Não tem nenhuma fiscalização."
praia-da-ilha-do-frade,4,"A praia é bem pequena mas é muito boa. A água é tão calma que parece uma piscina, frequentemente é fácil avistar tartarugas por lá. Por ser uma praia muito pequena não há estrutura, portanto leve suas coisas. O único grande problema dessa praia não está nela, e sim em quem frequenta, que muitas vezes deixam lixos na areia mesmo tendo muitas lixeiras por lá. É uma pena. Se não fosse o povo seria uma praia perfeita."
praia-da-costa,5,"Uma das praias mais lindas do estado de Espírito Santo, suas belezas são de encanta os olhos."
praia-da-costa,5,"Lugar limpo e agradável, até o preço das coisas lá estão show de bola, fora a organização do trânsito e as faixas de ciclista e de pedestres que são bem organizadas!"
praia-da-costa,5,"- Praia bem tranquila pra família, crianças, casais e até pra ficar sozinho. Fui em jan/2025. Dias nublados, mas em dias de sol, o calor tava muito forte - Tem uma extensa faixa de areia. A água é gelada e as ondas já pouco fortes. Mas varia um pouco ao longo da praia. A areia é um pouco escura. Tem redes de vôlei e beach tênis com locais jogando, e tem muita família - Vários navios de carga atracam próximo da praia. As águas são escuras, bem bonitas. Praias limpas em geral (exceto na parte da muvuca), quase não se vê caixa de som, então é ótimo para relaxar e ficar só ouvindo as ondas e lendo, tomando uma bebida ou conversando. Tem a parte mais movimentada, onde é um pouco sujo e vc vê gente com caixas de som - Vc pode alugar patinete elétrico e bicicletas ao longo ciclovia que série a orla. Vale à pena alugar bicicleta: mais rápido e mais seguro para crianças. Se for alugar patinete, prefira usar cartão de crédito, pois evita pagar pela reativação e seguro ao consumir R$ 20 - Tem banana boat pra quem curte. R$ 25 por pessoa, passeio de 20 a 25 minutos - Tem ambulantes vendendo camarão, espetinhos de frango, picolés, bebidas, mas tudo bem tranquilo. Nada comparado aos vendedores chatos e insistentes de algumas cidades do nordeste - Não tem quiosque vendendo comida, e os ambulantes vendendo bebidas são poucos. Então é melhor levar suas bebidas numa bolsa térmica - O aluguel de guarda-sol e cadeiras é caro. De R$ 20 a 35 por peça (diária). Devido a isso, vc vê muita gente chegando com cadeira e guarda sol"
praia-da-costa,5,"Na minha opinião é a melhor praia de Vila Velha. Excelente calçadão, com várias opções culinárias, praia bem limpa e uma visão muito bonita, com vários prédios. Só um detalhe, dependendo da época, as ondas ficam muito, mas muito forte, pra quem gosta, rola até um surf amador kkkk."
praia-da-costa,4,"Praia que fica em Vila Velha, em alguns pontos o mar tem poucas ondas, muito bom para banho, água gelada. Praia bem limpa, vários pontos com lixeira, com chuveirão, não tem muitos ambulantes na praia."
praia-de-itapua-beverly-hills,5,"Vou sempre, caminhar com a minha doguinha, a Angelina! A praia é incrível, porém, está precisando de algumas melhorias, por exemplo:: tem um trecho que acaba a ciclovia ,onde há uma pintura imitando a continuação da via, porém a tinta vermelha não existe mais,e os ciclista,motocicleta e tudo o mais passam como uns loucos por lá, pondo em risco os pedestres. Não respeitam as pessoas!"
praia-de-itapua-beverly-hills,4,"A praia de Itapoã em Vila Velha é um verdadeiro paraíso tropical que oferece uma experiência inesquecível. Com suas águas cristalinas e areia dourada, é o lugar perfeito para relaxar e apreciar a beleza natural. A infraestrutura é excelente, com quiosques que servem deliciosos petiscos e bebidas. A localização é conveniente, próxima a diversas atrações turísticas. O ambiente é seguro e familiar, ideal para um dia com a família ou amigos. Além disso, a brisa constante e o clima agradável tornam a visita ainda mais prazerosa. Uma visita a Itapoã é indispensável para quem quer aproveitar o melhor do Espírito Santo."
praia-de-itapua-beverly-hills,5,"Uma das praias que compõe a orla de Vila Velha, embora não tenha quiosques, tem um grande banco de areia perfeito para crianças e esportes, o calçadão continua da praia de itaparica e se conecta com a praia da Costa"
praia-de-itapua-beverly-hills,4,"Linda, assim como toda orla, não é uma boa praia para as crianças"
praia-de-itapua-beverly-hills,4,"Praia de mar aberto mais boa para tomar banho, areia grossa que não agarra nos pés nem no corpo muito limpa com opção de quiosques com boa segurança."
praia-de-itaparica,4,"Passamos o ano novo em um hotel pertinho dessa praia. Eu já conhecia de outras vezes e confesso que prefiro elas pois é mais vazia. Itapoã e Praia da Costa são bem mais cheias, mas são mais equipadas, consequentemente tem mais ambulantes e o mar é mais calmo. Em outras palavras: se você busca estrutura e mar tranquilo pros menores, Itaparica não é a escolha certa! Mas se não se incomoda com um mar levemente mais agitado na beira, busca menos muvuca e gosta de levar seu cooler e equipamentos, então escolha Itaparica!"
praia-de-itaparica,5,"praia muito bem equipada, cuidada, tem vários equipamentos de fazer exercícios, brinquedos para crianças, chuveiros, bom calçadão para caminhada e ciclistas, vários quiosques, vendedores ambulantes, lindos pé de coqueiro e o povo capixaba muito atencioso e educado. a praia é linda e limpa, tem várias lixeiras (tirando os mal educados que jogam lixos), o único problema é que tem dia que o mar está brabo, com ondas fortes como foi hoje, então não indico muito para pessoas que não sabem nadar ou com crianças, mas ontem estava tranquilo pela manhã, boas ondas e água gostosa. prefeitura de vila velha está de parabéns"
praia-de-itaparica,5,"É a melhor praia de Vila Velha! Muito movimentada durante o dia. Tem farmácias, supermercado, padarias, hotéis a beira mar além dos quiosques que são bem convidativos. Tem via pra ciclistas e é muito bom caminhar no calçadão admirando o mar. A tranquilidade da noite propicia ouvir o barulho das ondas! É uma praia tranquila e bem família. Os moradores do bairro são bem receptivos o que torna a praia excelente pra frequentar!"
praia-de-itaparica,5,"A praia mais extensa de Vila Velha, com excelente infraestrutura para receber turistas e moradores com varios Quiosques, areas para prática de esportes como: beach tennis, frscobol, voley, futebol, surf, bodyboard, Kitesurf e muito mais."
praia-de-itaparica,4,"Boa praia, central, tem de tudo pra quem gosta de dacilidades, estacionamento, quiosques, musica ao vivo, cerveja gelada. O pessoal faz churrasco na praia, guarda sois... pra quem quer agito é um prato cheio. Recomendo noa doas de alma agotada, querendo um fervo"
praia-secreta,4,"Fui em um sábado cedo. Chegamos e já tinha algumas famílias, muito boa para criança o mar é calmo porém gelado! Para quem tá acostumado com a água do norte do estado que são quentes lá é muito gelado. Tem pedras então cuidado. No dia tinha 2 barracas com milho, água e bebidas. A decida tbm precisa de atenção, não tem corrimão ou algo que ajude, Cuidado tbm pq não tem salva vidas no local. E por favor, leve o lixo embora! Várias vezes encontramos plástico na água,"
praia-secreta,5,"A praia é linda, porém não é mais tão secreta 😂 Minha recomendação é visitar pela manhã bem cedo, ou, o que seria melhor ainda, visitar em dias de semana. O ambiente é maravilhoso, a água estava uma delícia."
praia-secreta,4,"A praia é muito legal. Tem uma água calminha e não é tão fria. Ótimo lugar para tirar lindas fotos. Para aqueles que gostam de pescar é uma excelente opção. O único ponto negativo é a sujeira da água, devido a proximidade das pedras."
praia-secreta,3,"A praia é linda, mas tem estado muito suja. As pessoas precisam se conscientizar e o prefeito precisa fiscalizar e limpar."
praia-secreta,4,"Praia bem escondida e fora da rota turística, o que deixa ela desconhecida da maioria. É sossegada, com água cristalina e um entorno lindo, com muitas pedras e cactos floridos."
praia-do-bananal,5,"Lugar lindo e de fácil acesso. Infelizmente no dia a praia estava muito suja, muito plástico, tinha bastante peixe pequenos mortos, e bastante algas na beira."
praia-do-bananal,4,"Praia bonita, limpa, tranquila, mesmo em um mês de janeiro. É bem pequenininha, então não há aglomerações, nem agitação."
praia-do-bananal,5,"A praia é linda, com areia dourada e águas cor de esmeralda! A faixa de areia é pequenininha e a praia bem escondida e pouco frequentada. Por isso é bem calma, limpa e sossegada. É um refúgio em Vila Velha!"
praia-do-bananal,5,"Praia escondidinha, pequena e linda, porém sem estrutura - apenas um restaurante superfaturado e mal avaliado. Além disso, na praia em si não tem nem uma lixeira sequer. A faixa de areia fica muito pequenininha dependendo da maré. Muitas pedras no mar."
praia-do-bananal,4,"O trajeto para a praia do bananal é bem tranquilo, mas tem poucas vagas para estacionar, então é bom chegar cedo caso queira vaga. A praia é pequena, não estava cheia quando eu fui, muita gente vai, mas fica pouco tempo e já vai embora. Tem um bar em uma casa de frente à praia, parece ser gostoso as coisas, mas não cheguei a entrar. A praia em si é bem gostosinha, mas meio suja e tem muita alga. Pouca areia e se a maré tá cheia não tem muito espaço pra ficar sem ser na água. Pra criança é excelente, bem rasa, tranquila e pouco movimento."